{"loss": [4.411966800689697, 2.6321842670440674, 1.726020336151123, 1.2286114692687988, 0.9389219880104065, 0.7472679018974304, 0.6325570940971375, 0.517248272895813, 0.43839675188064575, 0.38099536299705505, 0.33296093344688416, 0.2960056662559509, 0.261203795671463, 0.23604056239128113, 0.20373819768428802, 0.19828777015209198, 0.1623973250389099, 0.15272636711597443, 0.1460021734237671, 0.13838481903076172, 0.12373583763837814, 0.11104388535022736, 0.11038640886545181, 0.09414096176624298, 0.0935252457857132, 0.0977100357413292, 0.09091977775096893, 0.07649334520101547, 0.07187474519014359, 0.06829503923654556, 0.06783884763717651, 0.06870844960212708, 0.057615216821432114, 0.05570382624864578, 0.05437416583299637, 0.05819778889417648, 0.05224819481372833, 0.04501669481396675, 0.045318931341171265, 0.04693983867764473, 0.04274221882224083, 0.035558536648750305, 0.04018024355173111, 0.037163134664297104, 0.03821992501616478, 0.03513161092996597, 0.039083171635866165, 0.04018900543451309, 0.03158131614327431], "accuracy": [0.09607843309640884, 0.4578431248664856, 0.6921568512916565, 0.8127450942993164, 0.8735294342041016, 0.9009804129600525, 0.9196078181266785, 0.9352940917015076, 0.9578431248664856, 0.9754902124404907, 0.970588207244873, 0.9803921580314636, 0.9813725352287292, 0.9843137264251709, 0.9911764860153198, 0.979411780834198, 0.9950980544090271, 0.9941176176071167, 0.9921568632125854, 0.9950980544090271, 0.998039186000824, 0.9990196228027344, 0.9970588088035583, 1.0, 1.0, 0.9960784316062927, 0.9960784316062927, 1.0, 0.9990196228027344, 0.9990196228027344, 0.998039186000824, 1.0, 1.0, 1.0, 0.9990196228027344, 0.9990196228027344, 1.0, 1.0, 1.0, 0.9990196228027344, 1.0, 1.0, 0.9990196228027344, 0.9990196228027344, 0.9990196228027344, 1.0, 0.9990196228027344, 0.998039186000824, 1.0], "val_loss": [3.536505937576294, 2.6388351917266846, 2.147304058074951, 1.9041061401367188, 1.6978509426116943, 1.5953712463378906, 1.5274959802627563, 1.4326441287994385, 1.3878238201141357, 1.3241726160049438, 1.3205431699752808, 1.28946053981781, 1.2626030445098877, 1.2328037023544312, 1.2140765190124512, 1.2233362197875977, 1.170228123664856, 1.1625505685806274, 1.1530637741088867, 1.1583831310272217, 1.1585959196090698, 1.1474111080169678, 1.1403758525848389, 1.1232800483703613, 1.1123631000518799, 1.1397387981414795, 1.1054400205612183, 1.1112818717956543, 1.1134377717971802, 1.1006147861480713, 1.0883773565292358, 1.0850560665130615, 1.095460057258606, 1.0707800388336182, 1.0638186931610107, 1.0778545141220093, 1.0699565410614014, 1.0626566410064697, 1.0750811100006104, 1.0647454261779785, 1.0618771314620972, 1.048812747001648, 1.0535954236984253, 1.0477521419525146, 1.0575278997421265, 1.0667719841003418, 1.056342363357544, 1.056168556213379, 1.0582945346832275], "val_accuracy": [0.23725490272045135, 0.4519607722759247, 0.5617647171020508, 0.5803921818733215, 0.6372548937797546, 0.6333333253860474, 0.6539215445518494, 0.6539215445518494, 0.6637254953384399, 0.6911764740943909, 0.679411768913269, 0.6872549057006836, 0.6843137145042419, 0.6931372284889221, 0.6931372284889221, 0.679411768913269, 0.7009803652763367, 0.7098039388656616, 0.7009803652763367, 0.7058823704719543, 0.699999988079071, 0.6960784196853638, 0.7029411792755127, 0.6990196108818054, 0.7117646932601929, 0.7019608020782471, 0.7078431248664856, 0.7019608020782471, 0.6990196108818054, 0.7039215564727783, 0.7098039388656616, 0.704901933670044, 0.7058823704719543, 0.70686274766922, 0.7127450704574585, 0.7029411792755127, 0.7147058844566345, 0.7137255072593689, 0.7098039388656616, 0.7098039388656616, 0.704901933670044, 0.7127450704574585, 0.7196078300476074, 0.7186274528503418, 0.7117646932601929, 0.7117646932601929, 0.7156862616539001, 0.7117646932601929, 0.7117646932601929]}